vertex.names,email_id,person_name,role,dept
1,albert.meyers,Albert Meyers,Employee,Specialist
2,a..martin,Thomas Martin,Vice President,NA
3,andrea.ring,Andrea Ring,NA,NA
4,andrew.lewis,Andrew Lewis,Director,NA
5,andy.zipper,Andy Zipper,Vice President,Enron Online
6,a..shankman,Jeffrey Shankman,President,Enron Global Mkts
7,barry.tycholiz,Barry Tycholiz,Vice President,NA
8,benjamin.rogers,Benjamin Rogers,Employee,Associate
9,bill.rapp,Bill Rapp,NA,NA
10,bill.williams,NA,NA,NA
11,brad.mckay,Bradley Mckay,Employee,NA
12,brenda.whitehead,NA,NA,NA
13,b..sanders,Richard Sanders,Vice President,Enron WholeSale Services
14,cara.semperger,Cara Semperger,Employee,Senior Analyst Cash
15,c..giron,Daron Giron,Employee,NA
16,charles.weldon,Charles Weldon,NA,NA
17,chris.dorland,Chris Dorland,Manager,NA
18,chris.germany,Chris Germany,Employee,NA
19,clint.dean,NA,NA,NA
20,cooper.richey,Cooper Richey,Manager,NA
21,craig.dean,Craig Dean,Trader,NA
22,dana.davis,Dana Davis,Vice President,Term
23,dan.hyvl,Dan Hyvl,Employee,NA
24,danny.mccarty,Danny McCarty,Vice President,NA
25,daren.farmer,Daren Farmer,Manager,Logistics Manager
26,darrell.schoolcraft,Darrell Schoolcraft,NA,NA
27,darron.giron,Daron Giron,Employee,NA
28,david.delainey,David Delainey,CEO,Enron North America and Enron Enery Services
29,debra.bailey,Susan Bailey,NA,NA
30,debra.perlingiere,NA,NA,NA
31,diana.scholtes,Diana Scholtes,Trader,NA
32,d..martin,Thomas Martin,Vice President,NA
33,don.baughman,Don Baughman,Trader,NA
34,drew.fossum,Drew Fossum,Vice President,NA
35,d..steffes,James Steffes,Vice President,Government Affairs
36,d..thomas,NA,NA,NA
37,dutch.quigley,NA,NA,NA
38,e..haedicke,Mark Haedicke,Managing Director,Legal Department
39,elizabeth.sager,Elizabeth Sager,Employee,NA
40,eric.bass,Eric Bass,Trader,NA
41,eric.saibi,Eric Saibi,Trader,NA
42,errol.mclaughlin,Errol McLaughlin,Employee,NA
43,e.taylor,Mark Taylor,Employee,NA
44,f..brawner,Sandra Brawner,Director,NA
45,f..campbell,Larry Campbell,Employee,Senior Specialist
46,f..keavey,Peter Keavey,Employee,NA
47,fletcher.sturm,Fletcher Sturm,Vice President,NA
48,frank.ermis,Frank Ermis,Director,NA
49,geir.solberg,Geir Solberg,Employee,Analyst
50,geoff.storey,Geoffery Storey,Director,NA
51,gerald.nemec,Gerald Nemec,NA,NA
52,greg.whalley,Greg Whalley,President,NA
53,gretel.smith,NA,NA,NA
54,harry.arora,Harpreet Arora,Vice President,NA
55,h..lewis,Andrew Lewis,Director,NA
56,holden.salisbury,Holden Salisbury,Employee,Cash Analyst
57,hunter.shively,Hunter Shively,Vice President,NA
58,james.derrick,James Derrick,In House Lawyer,NA
59,james.steffes,James Steffes,Vice President,Government Affairs
60,jane.tholt,Jane Tholt,Vice President,NA
61,jason.williams,NA,NA,NA
62,jason.wolfe,Jason Wolfe,NA,NA
63,jay.reitmeyer,Jay Reitmeyer,Employee,NA
64,jeff.dasovich,Jeff Dasovich,Employee,Government Relation Executive
65,jeff.king,Jeff King,Manager,NA
66,jeffrey.hodge,John Hodge,Managing Director,NA
67,jeffrey.shankman,Jeffrey Shankman,President,Enron Global Mkts
68,jeff.skilling,Jeffery Skilling,CEO,NA
69,j..farmer,Daren Farmer,Manager,Logistics Manager
70,j.harris,NA,NA,NA
71,jim.schwieger,Jim Schwieger,Trader,NA
72,j..kaminski,Vince Kaminski,Manager,Risk Management Head
73,j.kaminski,Vince Kaminski,Manager,Risk Management Head
74,j..kean,Steven Kean,Vice President,Vice President & Chief of Staff
75,joannie.williamson,NA,NA,NA
76,joe.parks,Joe Parks,NA,NA
77,joe.quenet,Joe Quenet,Trader,NA
78,joe.stepenovitch,Joe Stepenovitch,Vice President,Enery marketting and trading Florida
79,john.arnold,John Arnold,Vice President,NA
80,john.forney,John Forney,Manager,Real time Trading Desk
81,john.griffith,NA,NA,NA
82,john.hodge,John Hodge,Managing Director,NA
83,john.lavorato,John Lavorato,CEO,Enron America
84,john.zufferli,John Zufferli,Vice President,NA
85,jonathan.mckay,Jonathan Mckay,Director,NA
86,j..sturm,Fletcher Sturm,Vice President,NA
87,juan.hernandez,Juan Hernandez,Employee,Senior Specialist Logistics
88,judy.hernandez,NA,NA,NA
89,judy.townsend,Judy Townsend,Employee,NA
90,k..allen,Philip Allen,Manager,NA
91,kam.keiser,Kam Keiser,Employee,NA
92,kate.symes,Kate Symes,Employee,NA
93,kay.mann,Kay Mann,Employee,NA
94,keith.holst,Keith Holst,Director,NA
95,kenneth.lay,Kenneth Lay,CEO,NA
96,kevin.hyatt,Kevin Hyatt,Director,Pipeline Business
97,kevin.presto,Kevin Presto,Vice President,NA
98,kevin.ruscitti,Kevin Ruscitti,Trader,NA
99,kimberly.watson,Kimberly Watson,NA,NA
100,kim.ward,Kim Ward,NA,NA
101,larry.campbell,Larry Campbell,Employee,Senior Specialist
102,larry.may,Lawrence May,Director,NA
103,l..gay,Randall Gay,NA,NA
104,lindy.donoho,Lindy Donoho,Employee,NA
105,lisa.gang,NA,NA,NA
106,liz.taylor,NA,NA,NA
107,l..mims,Patrice Mims,NA,NA
108,louise.kitchen,Louise Kitchen,President,Enron Online
109,lynn.blair,Lynn Blair,NA,NA
110,margaret.carson,NA,NA,NA
111,marie.heard,Marie Heard,NA,NA
112,mark.e.haedicke,Mark Haedicke,Managing Director,Legal Department
113,mark.haedicke,Mark Haedicke,Managing Director,Legal Department
114,mark.mcconnell,NA,NA,NA
115,mark.taylor,Mark Taylor,Employee,NA
116,mark.whitt,Mark Whitt,NA,NA
117,martin.cuilla,Martin Cuilla,Manager,NA
118,mary.fischer,Mary Fischer,Employee,NA
119,matthew.lenhart,Matthew Lenhart,Employee,NA
120,matt.motley,Matthew Motley,Director,NA
121,matt.smith,NA,NA,NA
122,m..forney,John Forney,Manager,Real time Trading Desk
123,michele.lokay,Michelle Lokay,Employee,Administrative Asisstant
124,michelle.cash,Michelle Cash,NA,NA
125,michelle.lokay,Michelle Lokay,Employee,Administrative Asisstant
126,mike.carson,Mike Carson,Manager,NA
127,mike.grigsby,Michael Grigsby,Manager,NA
128,mike.maggi,Michael Maggi,Director,NA
129,mike.mcconnell,NA,NA,NA
130,mike.swerzbin,Mike Swerzbin,Trader,NA
131,m..love,Phillip Love,NA,NA
132,monika.causholli,Monika Causholli,Employee,Analyst Risk Management
133,monique.sanchez,NA,NA,NA
134,m..presto,Kevin Presto,Vice President,NA
135,m..scott,Susan Scott,NA,NA
136,m..smith,NA,NA,NA
137,m..tholt,Jane Tholt,Vice President,NA
138,patrice.mims,Patrice Mims,NA,NA
139,paul.thomas,Paul Thomas,NA,NA
140,peter.keavey,Peter Keavey,Employee,NA
141,phillip.allen,Philip Allen,Manager,NA
142,phillip.love,Phillip Love,NA,NA
143,phillip.platter,Phillip Platter,Employee,Sr.Specialist
144,randall.gay,Randall Gay,NA,NA
145,richard.ring,Richard Ring,Employee,NA
146,richard.sanders,Richard Sanders,Vice President,Enron WholeSale Services
147,richard.shapiro,Richard Shapiro,Vice President,Regulatory Affairs
148,rick.buy,Rick Buy,Manager,Chief Risk Management Officer
149,robert.badeer,Robert Badeer,Director,NA
150,robert.benson,Robert Benson,Director,NA
151,rob.gay,NA,NA,NA
152,rod.hayslett,Rod Hayslett,Vice President,Also Chief Financial Officer and Treasurer
153,ryan.slinger,Ryan Slinger,Trader,NA
154,sally.beck,Sally Beck,Employee,Chief Operating Officer
155,sandra.brawner,Sandra Brawner,Director,NA
156,sara.shackleton,NA,NA,NA
157,scott.hendrickson,NA,NA,NA
158,scott.neal,Scott Neal,Vice President,NA
159,shelley.corman,Shelley Corman,Vice President,Regulatory Affairs
160,s..shively,Hunter Shively,Vice President,NA
161,stacy.dickson,Stacy Dickson,Employee,NA
162,stanley.horton,Stanley Horton,President,Enron Gas Pipeline
163,stephanie.panus,Stephanie Panus,Employee,NA
164,steven.kean,Steven Kean,Vice President,Vice President & Chief of Staff
165,steven.south,NA,NA,NA
166,susan.bailey,Susan Bailey,NA,NA
167,susan.pereira,Susan Pereira,Employee,NA
168,susan.scott,Susan Scott,NA,NA
169,s..ward,Kim Ward,NA,NA
170,tana.jones,Tana Jones,NA,NA
171,teb.lokey,Teb Lokey,Manager,Regulatory Affairs
172,theresa.staab,Theresa Staab,Employee,NA
173,t..hodge,John Hodge,Managing Director,NA
174,thomas.martin,Thomas Martin,Vice President,NA
175,t..lucci,Paul Lucci,Employee,NA
176,tom.donohoe,Tom Donohoe,NA,NA
177,tori.kuykendall,Tori Kuykendall,Trader,NA
178,tracy.geaccone,Tracy Geaccone,Employee,NA
179,vince.kaminski,Vince Kaminski,Manager,Risk Management Head
180,vladi.pimenov,Vladi Pimenov,NA,NA
181,v.weldon,Charles Weldon,NA,NA
182,w..delainey,David Delainey,CEO,Enron North America and Enron Enery Services
183,w..pereira,Susan Pereira,Employee,NA
184,w..white,Stacey White,NA,NA
